,2014,2014,2014,2014,2015,2015,2015,2015,2016,2016,2016,2016,2017,2017,2017,2017,2018,2018,2018,2018,2019,2019
,Q1,Q2,Q3,Q4,Q1,Q2,Q3,Q4,Q1,Q2,Q3,Q4,Q1,Q2,Q3,Q4,Q1,Q2,Q3,Q4,Q1,Q2
"Exports of goods (table 1.1, line 3)",404114,410882,412816,407751,384234,385715,376958,364474,353872,360934,370377,372210,381680,381677,387127,403106,410732,427088,419545,416964,419100,414554
    General merchandise,397473,406929,407701,400508,378672,380878,370852,359392,349582,356831,364513,365626,375453,375941,382140,398301,404218,421770,413442,412683,414383,410315
    Net exports of goods under merchanting,75,64,103,56,81,41,74,65,50,77,86,87,51,47,47,65,65,69,68,68,92,73
    Nonmonetary gold,6566,3889,5012,7187,5481,4796,6032,5017,4240,4026,5779,6497,6176,5689,4940,4740,6450,5249,6034,4214,4625,4165
"  General merchandise, all end-use commodities (line 2)",397473,406929,407701,400508,378672,380878,370852,359392,349582,356831,364513,365626,375453,375941,382140,398301,404218,421770,413442,412683,414383,410315
"    Foods, feeds, and beverages",37755,36630,33573,35763,33717,32672,30927,30405,29741,30477,36672,33625,33153,33053,33682,32848,32087,37273,33829,29988,32737,35206
      Agricultural,35675,34441,31493,33666,31652,30618,28843,28378,27731,28487,34654,31657,31226,30957,31502,30511,29872,35012,31654,28031,30666,33257
        Grains and preparations,8194,9336,7988,7267,7558,7295,7322,6133,5992,7058,7994,6867,7578,7222,6585,6174,7044,8305,7709,7820,6855,7042
          Wheat,2041,2269,1889,1709,1630,1394,1438,1330,1197,1278,1492,1570,1547,1815,1487,1371,1332,1249,1290,1715,1629,1715
          Corn,2786,3823,3081,2247,2436,2692,2581,1674,2020,2927,3416,2510,3059,2790,2323,1973,2587,4053,3602,3283,2570,2445
          Rice and other food grains,559,544,430,596,502,505,573,551,454,487,479,496,502,441,399,492,504,389,372,548,456,509
          Other feeds,2808,2699,2588,2714,2990,2704,2730,2577,2320,2367,2608,2291,2470,2177,2377,2338,2620,2613,2445,2273,2199,2374
        Soybeans,8176,5464,4153,7331,5528,4745,4188,5299,4708,3829,8684,6396,5304,5559,6319,5047,3507,7591,5419,1635,4539,7089
        Meat products and poultry,4882,5056,5165,4967,4552,4380,3881,3813,3878,4158,4325,4523,4539,4542,4750,5006,5126,5055,4910,4814,4801,5053
"        Vegetables, fruits, nuts, and preparations",6171,6379,6363,6282,6386,6596,6184,5752,5927,6230,6228,6107,6097,6133,6408,6500,6538,6189,5997,6082,6519,6261
"        Other agricultural foods, feeds, and beverages",8253,8206,7824,7820,7627,7603,7269,7381,7227,7213,7423,7764,7708,7501,7440,7785,7658,7873,7621,7680,7953,7812
      Nonagricultural,2079,2190,2081,2097,2065,2054,2084,2027,2009,1990,2018,1968,1927,2096,2180,2337,2214,2260,2174,1957,2070,1949
        Fish and shellfish,1474,1568,1442,1494,1461,1435,1481,1398,1429,1411,1413,1388,1307,1482,1532,1620,1510,1513,1492,1317,1441,1346
"        Distilled beverages and other nonagricultural foods, feeds, and beverages",605,622,639,603,604,619,602,628,580,580,605,581,620,614,648,717,705,747,682,640,629,603
    Industrial supplies and materials,124012,127794,128990,119881,107666,110749,103941,95785,91259,96572,98907,100861,110018,110215,111622,124368,126406,136177,135990,136077,130689,132798
      Agricultural,5465,5097,4717,4450,4608,5021,4672,3888,3834,3884,4655,4624,4963,4759,4624,4813,5111,5352,5003,4867,4699,4821
        Raw cotton,1349,1091,903,1068,1076,1130,915,781,596,762,1237,1372,1520,1455,1430,1441,1751,1804,1530,1473,1411,1577
"        Tobacco, unmanufactured",307,275,248,287,311,287,376,156,379,229,275,233,270,324,317,175,206,348,329,161,214,234
"        Hides and skins, including furskins",801,728,712,690,646,718,586,493,500,458,493,515,489,469,493,467,426,372,338,326,307,247
        Other agricultural industrial supplies,3007,3002,2853,2404,2575,2886,2795,2458,2359,2435,2649,2504,2684,2510,2383,2730,2728,2828,2806,2906,2766,2763
      Nonagricultural,118547,122697,124273,115431,103058,105728,99269,91897,87426,92689,94253,96237,105055,105457,106998,119555,121295,130825,130986,131210,125990,127976
        Energy products,45648,48257,48860,40593,32207,35263,31045,27092,23958,29015,28795,30967,37536,38322,38579,46347,47839,55813,56374,57659,53445,56817
          Petroleum and products,39549,42491,44123,35925,27611,30902,27596,23919,21148,25999,25515,26571,31569,32466,32970,40482,40901,48817,49597,50018,46006,49336
            Crude,2145,2989,3381,3103,1833,2445,1931,1670,1721,2486,2776,2359,4352,4767,4877,8344,9292,12326,12664,13919,14172,16797
            Fuel oil,15965,18179,18157,13586,9974,12259,10234,8603,6664,9129,9073,8671,9591,11036,10959,11313,10118,13601,12681,12446,10650,12272
            Other petroleum products,18936,18732,19551,16706,13895,14121,13305,11698,10898,11962,11575,12586,13841,13449,13589,15870,17275,18235,18795,18441,17031,15290
            Liquified petroleum gases,2503,2591,3034,2529,1909,2076,2126,1948,1865,2421,2090,2956,3784,3214,3546,4955,4217,4655,5457,5212,4154,4977
          Coal and related products,3368,2967,2796,2746,2538,2408,2113,1797,1644,1675,1694,2717,3454,3369,3498,3488,4035,4300,3992,4153,3658,3957
          Natural gas,2123,2563,1613,1373,1400,1296,1048,1028,898,1025,1254,1434,2258,2027,1727,2128,2511,2260,2488,3137,3398,3241
          Nuclear fuel and electric energy,608,236,328,550,659,657,287,348,268,317,331,245,256,460,384,250,391,436,297,351,382,284
        Paper and paper-base stocks,5604,5652,5634,5615,5449,5544,5431,5318,5212,5169,5185,5258,5420,5303,5510,5817,5742,5901,5936,5839,5727,5380
        Textile supplies and related materials,3746,3781,3839,3840,3649,3656,3533,3529,3425,3272,3365,3374,3421,3341,3377,3409,3424,3476,3414,3335,3398,3260
        Chemicals except medicinals,29070,30135,29972,29998,28307,28528,28091,26330,25686,25657,26330,26133,27750,27170,27229,29872,29398,30571,31292,30667,29967,29789
          Plastic materials,9277,9151,9323,9193,8592,8801,8532,8230,8086,8089,8158,8217,8936,8302,8376,9146,9133,9597,9685,9720,9470,9296
"          Fertilizers, pesticides, and insecticides",2410,2384,2305,2406,2283,2279,2174,1982,1818,1654,2129,1853,2026,2078,2032,2185,2140,2193,2261,2296,2301,2186
          Industrial inorganic chemicals,2299,2282,2315,2333,2198,2266,2275,2092,2077,2075,1991,2044,2166,2241,2277,2517,2553,2465,2565,2400,2440,2439
          Industrial organic chemicals,7643,8618,8524,8388,7724,7801,7654,6840,6532,6701,6645,6430,7049,6809,6733,7717,7398,7896,8256,7857,7326,7600
          Other chemicals,7441,7701,7504,7678,7510,7380,7456,7187,7173,7138,7407,7589,7573,7740,7811,8306,8173,8420,8525,8393,8430,8267
        Building materials except metals,3821,3889,3896,3926,3658,3565,3401,3414,3406,3475,3480,3490,3589,3598,3749,3875,3841,3881,3687,3457,3336,3307
        Other nonmetals,8746,8893,8929,8955,8839,8781,8772,8625,8358,8433,8447,8598,8804,8705,8858,9037,9160,9300,9208,9096,8995,8800
        Metals and nonmetallic products,21911,22090,23143,22504,20950,20391,18997,17589,17380,17668,18650,18416,18535,19017,19697,21197,21890,21881,21076,21156,21122,20623
          Steelmaking materials,2271,2302,2565,2251,1691,1568,1349,1145,1028,1204,1206,1511,1509,1566,1761,1959,2150,2085,2131,2017,1904,2117
          Iron and steel products,4628,4733,4781,4834,4639,4111,3937,3662,3533,3606,3640,3693,4010,4203,4105,4241,4315,4353,3736,3657,3717,3448
          Nonferrous metals,8183,8157,8596,8397,7866,7757,7224,6451,6642,6769,7662,6894,6643,6898,7367,8204,8394,8356,8188,8490,8283,8117
            Precious metals except nonmonetary gold,1928,1941,2001,1712,1722,1644,1491,1464,1485,1284,1492,1439,1327,1484,1714,2109,2424,2162,2051,2051,2343,2215
            Bauxite and aluminum,2159,2173,2304,2281,2062,2136,2083,1959,1795,2062,2778,1832,1853,1892,1950,2165,2137,2268,2122,2209,1960,1885
            Copper,2096,2041,2233,2387,2035,1962,1804,1490,1603,1511,1548,1524,1414,1540,1552,1665,1798,1678,1759,2071,1822,1779
            Other nonferrous metals,2000,2002,2058,2016,2048,2015,1847,1537,1758,1913,1844,2099,2049,1982,2150,2264,2036,2248,2255,2160,2158,2237
          Other metals and nonmetallic products,6828,6898,7201,7022,6753,6955,6486,6331,6177,6089,6143,6318,6373,6350,6464,6793,7031,7087,7021,6991,7219,6942
    Capital goods except automotive,135775,137723,139151,139109,137112,136573,133822,132298,130465,130081,128838,130617,130633,130653,135026,137172,139006,141615,140316,142219,142068,135685
      Machinery and equipment except consumer-type,107197,107611,109012,108083,104833,104887,103318,100690,99302,98092,97463,98744,99841,99832,102081,105537,105985,107678,106904,106054,106136,104402
"        Electric-generating machinery, electric apparatus, and parts",13562,14053,14296,14357,13883,14042,14029,13436,13549,12970,13382,13730,13797,13438,13574,14118,14344,14660,14400,14262,14114,13982
"        Oil-drilling, mining, and construction machinery",7510,7391,7243,7416,6370,5830,5521,5416,4668,4149,4046,4135,4195,4209,4573,4961,4877,4989,5242,5181,5014,5033
"        Industrial engines, pumps, and compressors",7308,7665,7875,7698,7385,7097,6987,6858,6858,6316,6310,6552,6565,6224,6141,6323,6241,6324,6389,6388,6368,6265
        Machine tools and metalworking machinery,1773,2025,1864,1962,1928,1838,1809,1709,1608,1706,1603,1612,1668,1660,1652,1702,1811,1899,1864,1685,1645,1758
"        Measuring, testing, and control instruments",6380,6278,6262,6237,6219,6114,5939,5712,5731,5719,5776,5845,5770,5934,5817,6100,6382,6468,6609,6590,6484,6152
        Other industrial machinery,20185,19835,20379,20305,19873,19653,20021,18505,17923,17833,17832,18392,19255,19758,19982,20922,21033,21429,21181,20494,20065,20031
        Other service-industry and agricultural machinery,4950,4988,5082,4591,4435,4551,4463,4481,4287,4138,4124,4253,4368,4303,4517,4547,4640,4626,4559,4600,4660,4483
        Computers,4225,4357,4141,4170,4191,3951,3948,3861,3693,3721,3726,3617,3638,3842,3813,4088,4022,4041,4163,4160,4132,4190
"        Computer accessories, peripherals, and parts",8006,7979,8089,7840,7436,7721,7867,7871,8113,7855,7231,7102,7349,7508,7624,8192,8232,8631,7821,8445,8862,8190
        Semiconductors,10941,10794,11103,10954,10817,10772,10705,10518,10964,11135,10985,11080,11628,11707,11961,12540,12226,12244,11966,12163,12297,12020
        Telecommunications equipment,10150,9737,10378,10398,10177,11108,10172,10397,9897,10501,10340,10429,9607,9114,10074,9461,9257,9220,9607,9157,9204,9212
        Other office and business machines,742,747,739,750,702,696,636,617,632,572,589,559,581,581,601,592,617,630,594,602,592,570
"        Scientific, hospital, and medical equipment and parts",11465,11762,11561,11405,11416,11514,11222,11310,11377,11477,11519,11436,11420,11555,11752,11991,12302,12516,12509,12329,12698,12516
"      Civilian aircraft, engines, and parts",27015,28431,28565,29118,30652,29776,28814,30246,29823,30548,30057,30506,29545,29259,31736,30427,31792,32389,31965,34584,34557,29867
"        Civilian aircraft, complete, all types",13767,14716,14619,15127,16859,15635,15105,15762,14865,15886,15367,14555,13741,13686,15033,13573,14534,13518,13012,15461,14679,9346
        Engines and parts,13248,13715,13945,13991,13793,14141,13709,14484,14958,14662,14690,15951,15804,15573,16703,16853,17258,18870,18953,19122,19879,20521
      Other transportation equipment,1562,1680,1574,1909,1628,1910,1690,1363,1340,1442,1318,1366,1246,1562,1210,1209,1230,1549,1447,1581,1375,1416
"    Automotive vehicles, parts, and engines",38110,40065,41265,40371,37187,38003,38705,37999,36962,37913,38088,37435,39467,39106,39092,40200,41756,40392,38864,37827,41274,40255
      To Canada,14112,14875,15439,15557,13861,14392,14398,14581,14435,14965,15196,14268,15502,15174,15497,15607,16347,15585,14953,14623,15692,15297
"        Passenger cars, new and used",3496,3575,3828,3727,3538,3974,3478,3319,3251,3732,3959,3280,3528,3353,3611,3914,4009,3540,3487,3352,3393,3253
"        Trucks, buses, and special purpose vehicles",3360,3735,3910,4046,3297,3437,3252,3597,3428,3597,3587,3317,3918,3758,4370,4133,4485,4370,4114,3973,4982,4722
        Engines and engine parts,1292,1316,1386,1401,1261,1268,1362,1412,1497,1485,1550,1565,1777,1740,1596,1674,1709,1627,1561,1423,1503,1600
        Other parts and accessories,5964,6249,6315,6382,5765,5713,6306,6253,6258,6151,6100,6106,6279,6322,5921,5886,6145,6049,5790,5876,5814,5722
      To other areas,23999,25190,25826,24814,23326,23611,24306,23419,22527,22948,22892,23167,23965,23932,23595,24593,25409,24807,23911,23203,25583,24958
"        Passenger cars, new and used",10835,12050,12031,11083,9557,9763,10989,9920,9505,9762,9878,9763,10045,9799,8636,9625,10110,9389,8410,8037,10227,9680
"        Trucks, buses, and special purpose vehicles",1173,1137,1311,1206,1175,1117,1014,1050,1087,1150,905,940,1040,1081,1318,1106,1087,1196,1193,1291,1304,1142
        Engines and engine parts,3158,3167,3388,3288,3145,2949,2829,2774,2763,3093,2916,2902,3132,3357,3309,3443,3609,3728,3752,3451,3812,3926
        Other parts and accessories,8832,8836,9096,9238,9450,9783,9474,9674,9172,8943,9193,9561,9749,9695,10331,10419,10603,10494,10555,10425,10240,10211
    Consumer goods except food and automotive,48072,50186,50079,50060,50039,49057,49193,49029,47805,47924,49008,48521,49072,49388,48898,49810,51169,51264,51121,51917,52963,51465
      Nondurable goods,21059,21885,22477,22402,22902,22550,22921,23224,22509,22304,22199,21888,22588,21849,21401,21816,22192,23072,23090,23820,24925,23995
"        Apparel, footwear, and household goods",2664,2741,2812,2847,2751,2905,2770,2696,2605,2629,2573,2499,2590,2579,2608,2694,2746,2739,2753,2815,2835,2806
"        Medicinal, dental, and pharmaceutical products",11964,12647,13240,13178,13821,13276,13662,14138,13562,13338,13276,12967,13557,12882,12236,12484,12852,13577,13740,14346,15377,14543
        Toiletries and cosmetics,2972,3039,3019,3028,2962,3035,3035,3003,3030,3002,3048,3053,3163,3141,3211,3300,3292,3375,3335,3391,3484,3524
        Other nondurable goods,3460,3457,3407,3348,3368,3334,3454,3387,3311,3335,3302,3369,3278,3246,3345,3338,3302,3380,3262,3267,3229,3123
      Durable goods,27013,28301,27602,27658,27136,26507,26272,25805,25296,25620,26810,26633,26484,27539,27497,27994,28977,28193,28031,28098,28038,27470
"        Televisions, video receivers, and other video equipment",1068,1175,1110,1225,1215,1184,1242,1160,1251,1135,1248,1198,1269,1286,1205,1206,1160,1227,1096,1040,1069,1127
"        Radio and stereo equipment, including recorded media",1191,1232,1237,1149,1093,1080,1109,1022,984,967,956,963,979,951,955,964,941,913,921,896,907,917
"        Toys and sporting goods, including bicycles",2579,2708,2578,2533,2438,2447,2291,2218,2284,2204,2333,2350,2413,2393,2541,2626,2590,2580,2422,2423,2352,2373
        Household and kitchen appliances and other household goods,9712,9892,10256,10143,10079,9856,10057,9649,9402,9327,9755,9880,9828,10831,10138,10317,10210,10320,10271,10399,10353,10105
          Household furnishings and related products,1157,1217,1245,1211,1208,1184,1146,1141,1160,1136,1147,1167,1162,1187,1201,1231,1212,1264,1233,1247,1248,1251
          Household and kitchen appliances,1666,1633,1683,1711,1643,1708,1624,1580,1556,1501,1548,1544,1570,1528,1556,1598,1642,1606,1570,1610,1577,1489
"          Other household goods, including cell phones",6889,7041,7328,7222,7228,6964,7288,6928,6686,6689,7061,7169,7096,8116,7381,7489,7357,7450,7468,7542,7529,7366
        Jewelry and collectibles,5758,5793,5704,6042,5921,5856,5685,5990,5364,5883,6322,5709,5901,5798,6362,6333,7146,6617,6494,6802,6368,6151
        Gem diamonds and other gemstones,5606,6333,5602,5468,5389,5048,4967,4805,5073,5244,5214,5553,5107,5279,5216,5439,5749,5400,5777,5471,5853,5616
        Other durable goods,1099,1168,1114,1098,1001,1036,921,960,938,860,981,979,987,1001,1080,1109,1180,1136,1049,1066,1136,1181
    Other general merchandise,13748,14532,14642,15323,12952,13824,14265,13877,13351,13863,12999,14568,13110,13527,13820,13902,13794,15049,13323,14655,14651,14907
  Net exports of goods under merchanting (line 3),75,64,103,56,81,41,74,65,50,77,86,87,51,47,47,65,65,69,68,68,92,73
  Nonmonetary gold (line 4),6566,3889,5012,7187,5481,4796,6032,5017,4240,4026,5779,6497,6176,5689,4940,4740,6450,5249,6034,4214,4625,4165
"Imports of goods (table 1.1, line 11)",589431,601239,597892,596919,577528,574804,568717,552201,539242,547002,555893,565058,578875,582901,582711,614303,631449,633485,647447,649288,635844,637882
    General merchandise,585625,597516,593633,593243,574539,571428,565419,549273,535854,541499,550336,561351,575528,580306,579922,610829,628643,630806,644988,646669,633933,636107
    Nonmonetary gold,3805,3723,4259,3676,2989,3376,3298,2927,3388,5502,5557,3707,3347,2594,2789,3474,2806,2679,2458,2619,1911,1775
"  General merchandise, all end-use commodities (line 106)",585625,597516,593633,593243,574539,571428,565419,549273,535854,541499,550336,561351,575528,580306,579922,610829,628643,630806,644988,646669,633933,636107
"    Foods, feeds, and beverages",30138,32278,32073,32316,32236,32711,32193,31622,32486,32293,32629,33602,33627,34429,35123,35631,36813,37088,37105,37358,37488,38609
      Agricultural,23068,25189,24896,25186,25035,25811,25750,25101,25502,25323,25641,26475,26251,26768,27432,27919,28900,29024,29051,29072,29428,30203
        Green coffee,857,1439,1552,1382,1149,1330,1391,1251,959,1177,1296,1357,1226,1304,1374,1278,1004,1190,1228,1241,1010,1229
        Cocoa beans and sugar,950,767,655,559,900,832,779,668,896,670,605,903,895,832,494,630,807,637,578,539,759,618
        Meat products and poultry,2416,2806,3110,3802,3403,3366,3289,2792,2880,2761,2624,2532,2600,2714,2916,2834,2843,2839,2912,2821,3025,2973
"        Vegetables, fruits, nuts, and preparations",6901,7122,7126,7330,7355,7562,7678,7880,8183,8032,8176,8639,8289,8631,8996,8997,9183,9190,9349,9406,9396,9675
"        Wine, beer, and related products",2353,2538,2511,2376,2466,2587,2584,2607,2662,2684,2628,2781,2772,2752,2890,2941,3006,2987,3018,2927,2956,3196
"        Other agricultural foods, feeds, and beverages",9591,10517,9942,9737,9762,10134,10030,9903,9922,10000,10313,10264,10467,10535,10761,11240,12056,12181,11965,12139,12283,12512
      Nonagricultural,7070,7089,7178,7130,7201,6901,6442,6522,6984,6970,6987,7127,7376,7661,7692,7712,7913,8064,8055,8286,8060,8406
        Fish and shellfish,5193,5005,5057,4999,5087,4766,4359,4492,4783,4836,4860,4996,5145,5533,5447,5450,5628,5571,5585,5739,5388,5716
"        Distilled beverages and other nonagricultural foods, feeds, and beverages",1877,2084,2121,2131,2114,2135,2084,2029,2201,2134,2128,2130,2231,2128,2245,2262,2285,2493,2470,2546,2672,2690
    Industrial supplies and materials,177274,171319,166794,160179,134784,126127,121646,109925,102127,106489,114075,119103,128934,125467,122684,134275,142791,146247,149999,144308,134257,136566
      Agricultural,3363,3300,3284,3304,3067,2960,2974,2805,2633,2685,2929,2923,2925,2994,3103,3239,3149,3095,3076,3121,2988,3121
      Nonagricultural,173910,168020,163510,156875,131717,123167,118672,107121,99494,103804,111145,116180,126008,122472,119581,131036,139642,143152,146923,141187,131269,133446
        Energy products,105838,96637,91131,84109,60923,55728,53233,44478,38172,41456,46370,50100,58337,52091,48843,56450,62641,64469,67746,60804,54733,60742
          Petroleum and products,98322,90765,85958,78572,56217,51602,48968,40450,34663,37639,42080,45216,54515,47683,44818,52550,58949,61074,64211,56190,50398,57298
            Crude,70234,63110,60589,54879,36756,33096,31829,26966,22288,24078,27444,30150,37690,33278,29226,35422,39529,41281,42022,37428,31570,37326
            Fuel oil,11640,11229,10228,8882,7364,6939,5902,4240,3816,4463,5123,4605,5636,4661,5134,6372,7342,6776,8351,7299,6368,6932
            Other petroleum products,14936,15626,14365,13876,11381,11152,10789,8759,8084,8689,8969,9724,10245,9068,9791,9745,11018,12441,13133,10429,11434,12460
            Liquified petroleum gases,1512,799,777,935,716,415,449,485,475,410,544,737,944,676,667,1011,1061,576,704,1033,1026,580
          Coal and related products,394,582,543,573,452,483,689,626,400,718,916,1075,423,701,745,440,330,382,391,557,402,469
          Natural gas,5365,3677,3164,3239,3105,1933,2057,1933,1490,1454,2106,2179,2178,2361,2046,2024,2160,1707,1844,2589,2641,1596
          Nuclear fuel and electric energy,1757,1613,1466,1725,1148,1709,1519,1469,1620,1644,1267,1629,1221,1346,1235,1436,1201,1306,1301,1468,1291,1380
        Paper and paper-base stocks,3160,3159,3161,3139,3091,3109,2947,2984,2945,2877,2916,2940,2871,2862,3013,3004,3091,3307,3286,3520,3655,3149
        Textile supplies and related materials,3634,3671,3712,3782,3805,3778,3722,3601,3515,3489,3466,3513,3482,3491,3531,3636,3703,3738,3855,4009,3723,3536
        Chemicals except medicinals,19476,20315,20953,19995,19144,18819,18320,17342,17002,17408,17628,17869,17826,18619,18559,19771,20512,21157,21581,22438,21067,19348
          Plastic materials,4127,4301,4422,4492,4239,4168,3933,3890,3879,3842,4037,4115,4131,4260,4352,4609,4763,4915,4960,5025,4689,4524
"          Fertilizers, pesticides, and insecticides",3373,3730,4093,3808,3807,3541,3767,3155,2823,2809,2395,2586,2935,2772,2800,2695,2892,2839,3121,3389,3140,2804
          Industrial inorganic chemicals,1877,1918,1900,1862,1933,1811,1770,1678,1571,1539,1564,1629,1713,1753,1798,1978,2187,2239,2444,2423,2462,2266
          Industrial organic chemicals,7072,7173,7268,6671,6010,6083,5801,5650,5760,6122,6648,6558,6088,6775,6461,7136,7267,7700,7526,7964,7189,6339
          Other chemicals,3026,3193,3271,3162,3155,3216,3049,2969,2970,3096,2984,2980,2958,3058,3149,3354,3404,3463,3529,3638,3586,3415
        Building materials except metals,6661,7069,7222,7341,7395,7364,7535,7573,7756,7921,8205,8497,8674,8553,8575,9405,9267,9821,10053,9693,8787,8680
        Other nonmetals,8074,8369,8418,8497,8626,8562,8575,8323,8329,8332,8376,8654,8646,8914,9108,9459,9788,9810,10025,10322,10248,9815
        Metals and nonmetallic products,27066,28799,28913,30011,28733,25808,24339,22819,21774,22321,24184,24606,26172,27944,27952,29310,30640,30849,30376,30402,29056,28174
          Steelmaking materials,2164,2194,2244,2218,1890,1357,1471,1292,1050,1184,1428,1218,1804,2063,2062,2203,2320,2485,2416,2694,2383,2153
          Iron and steel products,10636,11286,11823,12500,11973,10174,9229,8728,8166,7982,8755,8848,9224,10240,9962,10007,10588,10742,10629,10671,10380,9490
          Nonferrous metals,8701,9786,9308,9841,9419,8937,7892,7379,7143,7639,8741,8891,9686,9895,10209,11224,11558,11311,10607,10268,9693,10204
            Precious metals except nonmonetary gold,2681,3063,2406,2649,2436,2303,2027,2058,1793,2007,2601,2325,2227,2394,2262,2722,2694,2704,2654,2844,2525,2663
            Bauxite and aluminum,2513,2804,2914,3452,3351,3181,2877,2695,2860,2948,3170,3413,3789,3917,4072,4526,4329,4130,4069,3984,3641,3612
            Other nonferrous metals,3507,3918,3988,3740,3632,3454,2988,2626,2490,2683,2970,3154,3669,3584,3874,3977,4535,4477,3885,3440,3527,3929
          Other metals and nonmetallic products,5566,5533,5539,5452,5451,5339,5748,5420,5415,5517,5260,5649,5458,5746,5719,5875,6175,6312,6725,6768,6600,6328
    Capital goods except automotive,144332,149288,151962,153178,154123,153041,150440,149555,145851,148878,148598,150287,153362,157779,162772,168974,170434,174076,176328,175102,172328,170702
      Machinery and equipment except consumer-type,129866,134409,136023,138160,138484,137083,134935,134084,132145,133578,135038,136954,139862,143850,148329,154312,156093,158547,160693,159072,154540,153039
"        Electric-generating machinery, electric apparatus and parts",17432,17872,18109,18273,18429,18193,17549,17631,17257,17532,17678,18031,18514,18809,18960,19576,20231,20832,21306,21531,20594,20335
"        Oil-drilling, mining, and construction machinery",5467,6045,6139,6464,6795,6033,4398,3862,3865,3601,3562,3662,4038,4710,5280,5759,5536,5836,5587,5834,6354,5841
"        Industrial engines, pumps, and compressors",5841,6256,6427,6338,6260,6377,5898,5795,5661,5590,5534,5690,5982,6117,6300,6279,6551,6725,6886,7072,6931,6844
        Machine tools and metalworking machinery,2794,2743,2984,2895,2958,2901,2801,2803,2690,2658,2835,2721,2775,3014,2946,3310,3392,3293,3359,3218,3416,3231
"        Measuring, testing, and control instruments",4950,5000,5062,5159,5302,5127,5048,5040,4885,4951,5043,5236,5183,5314,5565,5628,5815,5848,5756,5837,5780,5676
        Other industrial machinery,20815,22153,22251,21811,22028,21825,21175,21092,20497,20568,20839,21127,22014,23055,23802,24716,25153,25601,26113,26781,26263,26287
        Other service-industry and agricultural machinery,7245,7273,7377,7314,7325,7376,7451,7485,7316,7158,7160,7224,7403,7523,7774,8004,8254,8462,8630,8966,8617,8533
        Computers,15592,15644,15843,16921,15495,15490,16376,15908,15402,15434,14974,15069,15601,16947,18420,17946,19071,19674,19896,18938,19538,20867
"        Computer accessories, peripherals, and parts",14291,14218,14231,15246,15136,14174,14132,13565,13185,12992,13438,14089,13963,14432,15298,15812,16130,16330,16726,15612,13788,12939
        Semiconductors,10378,11119,11114,11431,10974,11524,11744,12005,12670,13373,13138,12598,12991,12826,13290,15044,13638,13421,13610,13600,13275,12567
        Telecommunications equipment,14130,14851,15029,14837,15987,16266,16784,17281,16932,17674,18437,18966,18897,18497,17779,19078,18717,18836,18972,17566,15546,15251
        Other office and business machines,1217,1210,1185,1213,1299,1299,1268,1238,1329,1277,1359,1394,1336,1351,1341,1296,1320,1287,1282,1278,1324,1267
"        Scientific, hospital, and medical equipment and parts",9715,10024,10271,10257,10497,10500,10310,10378,10456,10770,11042,11148,11163,11255,11574,11865,12285,12405,12570,12841,13114,13402
"      Civilian aircraft, engines, and parts",12966,13227,14049,13037,13867,13991,13742,13648,12310,13704,12199,11783,12448,12630,13191,13098,12857,13989,14154,14453,16406,15994
"        Civilian aircraft, complete, all types",4062,4171,4646,3852,4631,4577,4562,4525,3197,4434,3165,3045,3323,3485,3587,3367,2818,3467,2764,3225,3212,3979
        Engines and parts,8904,9056,9403,9185,9235,9414,9180,9122,9113,9270,9034,8739,9125,9145,9604,9731,10039,10522,11390,11228,13194,12015
      Other transportation equipment,1499,1652,1889,1980,1773,1967,1763,1824,1396,1596,1362,1549,1051,1299,1253,1564,1485,1539,1481,1576,1382,1669
"    Automotive vehicles, parts, and engines",78115,83215,84006,84162,83686,88539,89383,88441,87163,86708,88063,88914,89697,89756,89486,90251,92352,90780,93978,96013,95529,97000
      From Canada,14276,16192,16695,16317,14374,15393,16266,16579,16551,15965,16492,15892,16082,16054,15066,15169,15543,14973,14623,14916,14725,15147
"        Passenger cars, new and used",9425,11012,11385,11095,9576,10095,10984,11700,11740,11095,11539,10990,11256,11443,10384,10197,10225,9511,8850,9034,8825,9318
"        Trucks, buses, and special purpose vehicles",636,683,671,714,764,728,783,665,741,706,712,754,774,790,820,861,1039,1281,1474,1617,1646,1648
        Engines and engine parts,872,993,971,947,837,998,974,913,949,897,929,889,878,833,810,917,950,901,914,859,866,860
        Other parts and accessories,3344,3504,3668,3561,3197,3572,3526,3300,3121,3267,3312,3259,3173,2988,3052,3193,3330,3281,3386,3407,3389,3322
      From other areas,63838,67024,67311,67845,69312,73146,73117,71862,70612,70743,71570,73021,73615,73702,74420,75082,76809,75807,79355,81097,80804,81852
"        Passenger cars, new and used",27257,28347,27190,27881,29543,30837,32104,31541,30439,30462,32116,31910,32752,32869,33443,33660,34316,32937,33871,34754,36302,36677
"        Trucks, buses, and special purpose vehicles",6825,7570,7525,7870,7909,8627,7859,7833,8167,8032,6948,7938,8488,8472,8421,8283,8120,8718,10528,10075,9536,10970
        Engines and engine parts,6041,6328,6700,6534,6327,6639,6457,6372,5973,6162,6212,6392,6177,6188,6227,6450,6741,6461,6595,6793,6494,6471
        Other parts and accessories,23716,24779,25896,25560,25533,27043,26697,26116,26032,26087,26294,26782,26197,26173,26329,26688,27632,27691,28361,29475,28472,27734
    Consumer goods except food and automotive,136315,140915,138397,143073,148030,149736,150520,148130,146493,145583,145215,147608,148008,150130,147616,157826,163143,157833,161564,166557,167657,165328
      Nondurable goods,63862,65312,65266,65416,69587,72390,71227,70070,70183,70683,68684,69645,70049,69215,68102,72278,77575,76613,76274,80236,80736,83828
"        Apparel, footwear, and household goods",34603,34144,34254,34649,36732,35835,36677,34853,34501,33956,33538,33927,34052,34029,33998,34649,35181,35062,35624,36773,36993,36659
"        Medicinal, dental, and pharmaceutical products",21852,23602,23481,23121,25066,28783,26882,27617,27825,28964,27252,27684,28061,27089,25976,29281,33782,32969,31804,34513,34738,38332
        Toiletries and cosmetics,2533,2582,2510,2602,2626,2599,2573,2530,2691,2634,2743,2838,2809,2882,2939,3025,3111,3160,3238,3235,3178,3164
        Other nondurable goods,4874,4985,5021,5044,5163,5173,5095,5070,5166,5128,5150,5196,5128,5216,5190,5322,5500,5422,5608,5716,5828,5673
      Durable goods,72453,75603,73132,77657,78443,77346,79293,78060,76310,74900,76531,77963,77959,80914,79514,85548,85568,81220,85290,86321,86921,81501
"        Televisions, video receivers, and other video equipment",7241,7168,6950,6861,6607,6725,7424,7608,5901,5858,6214,6098,6335,6093,6629,6555,6031,5793,6444,7001,6939,6406
"        Radio and stereo equipment, including recorded media",2495,2544,2442,2335,2388,2461,2829,2633,2524,2278,2302,2391,2412,2236,2132,2212,2247,2322,2284,2290,2350,2334
"        Toys and sporting goods, including bicycles",9037,8788,8757,8920,9258,9305,9885,9443,9146,9042,9435,9150,9231,9746,9952,10093,10551,9913,10523,10577,9745,10312
        Household and kitchen appliances and other household goods,38357,41708,40007,43704,43770,42863,43384,42371,43142,41725,43065,44641,44544,47147,45434,50344,50869,46747,49255,49745,51288,47069
          Household furnishings and related products,7000,7074,7305,7482,7929,7815,8209,8219,8270,8188,8444,8794,8837,9192,9243,9500,9770,9556,10138,10738,9441,9223
          Household and kitchen appliances,6133,6231,6473,6483,6431,6782,7194,6689,6671,6601,6702,7005,6892,7092,7191,7929,7495,7424,7867,8538,7967,7337
"          Other household goods, including cell phones",25225,28402,26228,29739,29410,28266,27981,27463,28201,26937,27919,28843,28816,30863,29001,32915,33604,29767,31251,30469,33880,30509
        Jewelry and collectibles,6460,6372,6066,6531,7088,7108,6975,7398,6543,6986,6597,6735,6623,6853,6526,7180,6836,7099,7344,7131,7134,7229
        Gem diamonds and other gemstones,6903,7122,6969,7324,7062,6755,6657,6584,6950,7007,6883,6696,6580,6544,6463,6723,6648,6975,7026,7088,6903,5657
        Other durable goods,1961,1902,1942,1981,2270,2130,2139,2023,2104,2003,2035,2253,2234,2295,2378,2441,2386,2370,2415,2488,2562,2493
    Other general merchandise,19453,20500,20400,20335,21680,21273,21237,21600,21735,21547,21757,21838,21900,22746,22240,23872,23109,24783,26014,27331,26674,27902
  Nonmonetary gold (line 107),3805,3723,4259,3676,2989,3376,3298,2927,3388,5502,5557,3707,3347,2594,2789,3474,2806,2679,2458,2619,1911,1775
Balance on goods (line 1 less line 105),-185317,-190357,-185076,-189167,-193294,-189088,-191759,-187727,-185370,-186068,-185515,-192848,-197195,-201224,-195584,-211197,-220716,-206396,-227902,-232323,-216744,-223328
